nmi,meter_sn,day,channel,day_total,uom,quality_method
VABD000163,METSER123,20040202,E1,53.32799999999995,kWh,A
VABD000163,METSER123,20040201,Q1,106.6559999999999,kVArh,A
VABD000163,METSER123,20040202,Q1,106.6559999999999,kVArh,A
